{"class_names": ["Other", "Below", "WholePlant", "Above"], "label_encoding": [2, 1, 3, 0], "arabidopsis": {"accuracy": 0.9709871244635193, "precision": 0.9710335387550814, "recall": 0.9709871244635193, "f1_score": 0.9705742162263308, "confusion_matrix": [[0.984945427173504, 0.0, 0.001881821603312006, 0.013172751223184042], [0.008645533141210375, 0.9755043227665706, 0.0, 0.01585014409221902], [0.07886435331230283, 0.031545741324921134, 0.8107255520504731, 0.07886435331230283], [0.022253129346314324, 0.0009272137227630969, 0.0009272137227630969, 0.9758924432081595]]}, "angiosperm": {"accuracy": 0.5679520778734556, "precision": 0.7419019368785498, "recall": 0.5679520778734556, "f1_score": 0.6407409331879418, "confusion_matrix": [[0.6161163961947398, 0.029099048684946838, 0.2490207050923335, 0.10576385002797986], [0.14522821576763487, 0.6161825726141079, 0.19294605809128632, 0.04564315352697095], [0.5061728395061729, 0.13580246913580246, 0.07407407407407407, 0.2839506172839506], [0.2803738317757009, 0.09968847352024922, 0.26791277258566976, 0.35202492211838005]]}}