{"class_names": ["Other", "Below", "WholePlant", "Above"], "label_encoding": [2, 1, 3, 0], "arabidopsis": {"accuracy": 0.9878111587982833, "precision": 0.9878035865062476, "recall": 0.9878111587982833, "f1_score": 0.9878030818356393, "confusion_matrix": [[0.99059089198344, 0.0, 0.0015054572826496049, 0.007903650733910425], [0.005763688760806916, 0.9899135446685879, 0.0, 0.004322766570605188], [0.006309148264984227, 0.00946372239747634, 0.9589905362776026, 0.025236593059936908], [0.00927213722763097, 0.0009272137227630969, 0.0018544274455261937, 0.9879462216040797]]}, "angiosperm": {"accuracy": 0.6432047922126545, "precision": 0.7334776056318386, "recall": 0.6432047922126545, "f1_score": 0.6633134375883358, "confusion_matrix": [[0.6396194739787353, 0.10744264129826525, 0.03413542249580302, 0.21880246222719643], [0.014522821576763486, 0.9647302904564315, 0.004149377593360996, 0.016597510373443983], [0.38271604938271603, 0.30864197530864196, 0.07407407407407407, 0.2345679012345679], [0.2772585669781931, 0.3613707165109034, 0.037383177570093455, 0.32398753894080995]]}}