{"class_names": ["Other", "Below", "WholePlant", "Above"], "label_encoding": [2, 1, 3, 0], "arabidopsis": {"accuracy": 0.8281545064377682, "precision": 0.8226815228490549, "recall": 0.8281545064377682, "f1_score": 0.8243511728995074, "confusion_matrix": [[0.872412495295446, 0.003387278885961611, 0.023334587881068874, 0.10086563793752353], [0.04610951008645533, 0.8688760806916427, 0.008645533141210375, 0.07636887608069164], [0.3217665615141956, 0.0914826498422713, 0.3312302839116719, 0.2555205047318612], [0.1404728789986092, 0.006490496059341678, 0.019471488178025034, 0.8335651367640241]]}, "angiosperm": {"accuracy": 0.5473605391239236, "precision": 0.7346028879440021, "recall": 0.5473605391239236, "f1_score": 0.6117674132034762, "confusion_matrix": [[0.5657526580861779, 0.06771124790151091, 0.08841634023503078, 0.2781197537772804], [0.04149377593360996, 0.7323651452282157, 0.18464730290456433, 0.04149377593360996], [0.4074074074074074, 0.13580246913580246, 0.20987654320987653, 0.24691358024691357], [0.20249221183800623, 0.16510903426791276, 0.38006230529595014, 0.2523364485981308]]}}