{"class_names": ["Other", "Below", "WholePlant", "Above"], "label_encoding": [2, 1, 3, 0], "arabidopsis": {"accuracy": 0.8647210300429184, "precision": 0.8629413119455664, "recall": 0.8647210300429184, "f1_score": 0.8619270622273332, "confusion_matrix": [[0.8931125329318781, 0.0007527286413248024, 0.010914565299209636, 0.0952201731275875], [0.03170028818443804, 0.8976945244956772, 0.005763688760806916, 0.06484149855907781], [0.2555205047318612, 0.07886435331230283, 0.4668769716088328, 0.19873817034700317], [0.10848400556328233, 0.004636068613815485, 0.00927213722763097, 0.8776077885952712]]}, "angiosperm": {"accuracy": 0.5690752527143392, "precision": 0.7472717003985094, "recall": 0.5690752527143392, "f1_score": 0.6221215262766246, "confusion_matrix": [[0.5461667599328484, 0.05036373810856184, 0.0817011751538892, 0.32176832680470063], [0.016597510373443983, 0.9315352697095436, 0.024896265560165973, 0.026970954356846474], [0.41975308641975306, 0.20987654320987653, 0.16049382716049382, 0.20987654320987653], [0.19626168224299065, 0.24922118380062305, 0.29906542056074764, 0.2554517133956386]]}}