{"class_names": ["Other", "Below", "WholePlant", "Above"], "label_encoding": [2, 1, 3, 0], "arabidopsis": {"accuracy": 0.7780257510729613, "precision": 0.7408551970213455, "recall": 0.7780257510729613, "f1_score": 0.754276244385977, "confusion_matrix": [[0.9013925479864509, 0.010161836657884832, 0.0, 0.08844561535566428], [0.05187319884726225, 0.8904899135446686, 0.0, 0.05763688760806916], [0.6246056782334385, 0.1608832807570978, 0.0, 0.21451104100946372], [0.28001854427445527, 0.01576263328697265, 0.0, 0.7042188224385721]]}, "angiosperm": {"accuracy": 0.5761886933732684, "precision": 0.6956908118475009, "recall": 0.5761886933732684, "f1_score": 0.5916832059221131, "confusion_matrix": [[0.5618354784555121, 0.21544487968662562, 0.0, 0.22271964185786233], [0.026970954356846474, 0.9605809128630706, 0.0, 0.012448132780082987], [0.37037037037037035, 0.4567901234567901, 0.0, 0.1728395061728395], [0.23052959501557632, 0.5451713395638629, 0.0, 0.22429906542056074]]}}