{"class_names": ["Other", "Below", "WholePlant", "Above"], "label_encoding": [2, 1, 3, 0], "accuracy": 0.976480686695279, "precision": 0.9766645422548792, "recall": 0.976480686695279, "f1_score": 0.9763193814775012, "confusion_matrix": [[0.9875799774181407, 0.0, 0.0, 0.012420022581859239], [0.008645533141210375, 0.9755043227665706, 0.0, 0.01585014409221902], [0.050473186119873815, 0.022082018927444796, 0.8738170347003155, 0.05362776025236593], [0.019935095039406582, 0.0018544274455261937, 0.0, 0.9782104775150672]]}