{"class_names": ["Other", "Below", "WholePlant", "Above"], "label_encoding": [2, 1, 3, 0], "accuracy": 0.9891845493562231, "precision": 0.9892098013824404, "recall": 0.9891845493562231, "f1_score": 0.989193452558367, "confusion_matrix": [[0.9909672563041023, 0.0, 0.0015054572826496049, 0.007527286413248024], [0.004322766570605188, 0.9913544668587896, 0.0, 0.004322766570605188], [0.006309148264984227, 0.0, 0.9779179810725552, 0.015772870662460567], [0.008344923504867872, 0.0004636068613815484, 0.003245248029670839, 0.9879462216040797]]}