{"class_names": ["Other", "Below", "WholePlant", "Above"], "label_encoding": [2, 1, 3, 0], "accuracy": 0.8449785407725322, "precision": 0.8435993506396678, "recall": 0.8449785407725322, "f1_score": 0.8328535146231115, "confusion_matrix": [[0.8983816334211516, 0.002258185923974407, 0.001881821603312006, 0.09747835905156191], [0.04178674351585014, 0.8688760806916427, 0.002881844380403458, 0.08645533141210375], [0.3501577287066246, 0.09779179810725552, 0.17034700315457413, 0.38170347003154576], [0.12007417709782105, 0.005563282336578581, 0.0037088548910523874, 0.8706536856745479]]}