{"class_names": ["Other", "Below", "WholePlant", "Above"], "label_encoding": [2, 1, 3, 0], "accuracy": 0.8266094420600858, "precision": 0.8456635462720385, "recall": 0.8266094420600858, "f1_score": 0.8337464375112604, "confusion_matrix": [[0.8280015054572827, 0.003763643206624012, 0.08054196462175386, 0.08769288671433947], [0.021613832853025938, 0.8948126801152738, 0.010086455331412104, 0.07348703170028818], [0.12618296529968454, 0.08832807570977919, 0.6529968454258676, 0.13249211356466878], [0.1070931849791377, 0.01205377839592026, 0.052387575336114975, 0.828465461288827]]}