{"class_names": ["Other", "Below", "WholePlant", "Above"], "label_encoding": [2, 1, 3, 0], "accuracy": 0.8010300429184549, "precision": 0.7651305100761715, "recall": 0.8010300429184549, "f1_score": 0.7775307153907381, "confusion_matrix": [[0.9288671433948061, 0.002258185923974407, 0.0, 0.06887467068121943], [0.05763688760806916, 0.8602305475504323, 0.0, 0.08213256484149856], [0.7665615141955836, 0.10725552050473186, 0.0, 0.12618296529968454], [0.24200278164116829, 0.01576263328697265, 0.0, 0.742234585071859]]}